{
    "type": "FeatureCollection",
    "features": [
        {
            "type": "Feature",
            "properties": {
                "name": "Restaurante Chino Feliz",
                "popupContent": "El mejor cantonés de Tres Ríos",
                "image":"./images/chino.png"
            },
            "geometry": {
                "type": "Point",
                "coordinates": [-83.9848582, 9.9095817]
            }
        }, {
            "type": "Feature",
            "properties": {
                "name": "La Taquería",
                "popupContent": "La Taquería",
                "image":"./images/taco.png"
            },
            "geometry": {
                "type": "Point",
                "coordinates": [-83.9849440, 9.9082876]
            }
        }, {
            "type": "Feature",
            "properties": {
                "name": "TicoBurguesas",
                "popupContent": "TicoBurguesas",
                "image":"./images/hamburguesa.png"
            },
            "geometry": {
                "type": "Point",
                "coordinates": [-83.9869949, 9.9085309]
            }
        }, {
            "type": "Feature",
            "properties": {
                "name": "El Canasto",
                "popupContent": "El Canasto",
                "image":"./images/pollo.png"
            },
            "geometry": {
                "type": "Point",
                "coordinates": [-83.9950979, 9.9090369]
            }
        }, {
            "type": "Feature",
            "properties": {
                "name": "Sport Bar",
                "popupContent": "Sport Bar",
                "image":"./images/alitas.png"
            },
            "geometry": {
                "type": "Point",
                "coordinates": [-84.0004016, 9.9098391]
            }
        }, {
            "type": "Feature",
            "properties": {
                "name": "Capitan Wings",
                "popupContent": "Capitan Wings",
                "image":"./images/alitas.png"
            },
            "geometry": {
                "type": "Point",
                "coordinates": [-84.0044765, 9.9087741]
            }
        }, {
            "type": "Feature",
            "properties": {
                "name": "Foodtruck Park",
                "popupContent": "Foodtruck Park",
                "image":"./images/truck.png"
            },
            "geometry": {
                "type": "Point",
                "coordinates": [-84.0132736, 9.9109301]
            }
        }, {
            "type": "Feature",
            "properties": {
                "name": "McDonald's",
                "popupContent": "McDonald's",
                "image":"./images/mac.png"
            },
            "geometry": {
                "type": "Point",
                "coordinates": [-84.0175325, 9.9116193]
            }
        }
    ]
}